aaacchillmoortt,thalamocortical
aaciinnooprrstt,procrastination
acdeeeiiloprsvz,overspecialized
aceeehnorrssstu,treacherousness
ceehhnopsssstyy,psychosyntheses
acllnnorrsttuuy,nonstructurally
bdeeeehillmorsv,overembellished
aceeehimorrsttu,thermocauteries
aaceeimnoprsstv,comparativeness
adehlorssttuwwy,southwestwardly
aacgiinnoprrstt,procrastinating
ceeeiiimnnrsttt,intermittencies
bceghiilooopssy,biopsychologies
chiilorrsstttuu,horticulturists
bceiiilmoprssty,compressibility
adgiiiilnnrstuz,industrializing
adeeffiiinnortt,differentiation
acefiiinnooprst,personification
acceiilmmnotuvy,communicatively
aabeegilnoorrtv,overelaborating
aaaeiiilmnorttz,materialization
cciiinnooorsttt,contortionistic
ccciilmnoorstuu,circumlocutions
ceiiinnorrssttu,insurrectionist
abcceeeilnnossv,conceivableness
adeeehimnprssuz,underemphasizes
adeeimnnoorrstt,redemonstration
bdiiiillnosstuy,indissolubility
aceeiilllmnsttu,intellectualism
aaceehillnprtty,parenthetically
abegiilnnortuvy,ungovernability
deiiinoopprssst,predispositions
eeeefimnorrrstt,interferometers
aabdeiilnssttuz,substantialized
aadeeiilnostuxz,desexualization
abcceiiiilnssty,inaccessibility
aceeehillmnrtuy,hermeneutically
acdeehimnnnsstt,disenchantments
aachiimnnorsstt,antimonarchists
eiillnorsssstuu,illustriousness
eeeiinoprsssttu,repetitiousness
abcceilmmnnnoou,noncommunicable
aeegiinnoorrrtt,reinterrogation
aeeeimnprrrssuu,supernumeraries
aeehiimnnopprss,misapprehension
aciinnnnnooottu,noncontinuation
acddeeimnnoostt,nondomesticated
accddeeinnnostu,discountenanced
aadeeghiloprrst,radiotelegraphs
aaccddeiinnortt,contraindicated
aaceiiilprrsttu,particularities
aaccfiiilnossst,classifications
degghiilmnootyz,demythologizing
adeeehilnooprst,radiotelephones
acceiilopprssuy,perspicaciously
aacdeiijllrtuxy,extrajudicially
aegiilmnorsttuv,overstimulating
cceinnnoossssuu,unconsciousness
aeiilnnnorsstuv,involuntariness
aaeiillnnnortty,internationally
aacgillmnoorsty,gastronomically
eegilnoprrssuvy,unprogressively
acceiiiilmossst,semisocialistic
abcegilllmooryy,embryologically
aceeghiopprrsst,spectrographies
cciinnoorsstttu,constructionist
aaeilnnnossttuy,instantaneously
aeefnnnorssttuu,unfortunateness
aabcegghiiloopr,biogeographical
aeghhillmooopst,ophthalmologies
cceiinnnoosstuu,unconscientious
aaccdeilmmootvy,accommodatively
adegiiioprrsttt,prestidigitator
adeennorssstuuv,adventurousness
aaahiiimmnnrstu,humanitarianism
ccehiimmoopstty,psychotomimetic
aabciinoosssstu,subassociations
ceeiiimoprssstv,overpessimistic
ccegiimnooprrss,microprocessing
aacdeiimnnnoott,decontamination
ceeiimnnopsssuu,impecuniousness
aabcceelnnorstu,counterbalances
aabceiiiillppst,applicabilities
adeegiilnnoprsz,depersonalizing
aeefiillnnortuv,overinfluential
accceelmnooprvy,overcomplacency
aacdefgiiimnnot,demagnification
ceeiinopprssstu,precipitousness
aacghillmnoopry,phonogramically
aaccceiilllstyy,acetylsalicylic
aacclmorrrsttuu,macrostructural
abdeeiiilmnrtty,determinability
aacegiilllmnory,mineralogically
acgiillmnnnopuy,uncomplainingly
abceiiiilmopstt,compatibilities
aceilmmnnoprtuy,uncomplimentary
aacceilrrrrtuux,extracurricular
aaciiimnnoorttz,romanticization
ceghlnoooprsuyy,neuropsychology
cceeilnnosssuvy,nonsuccessively
aaagiillnorttvy,gravitationally
ceeeeffnnnorstv,noneffervescent
aceinnoorrsssuv,carnivorousness
aaeiiilnnnorttz,internalization
aabccegiilloort,bacteriological
ceeiiillmmmorrt,micromillimeter
diillmnosttuuuy,multitudinously
aaccceeiilnrrst,recalcitrancies
eeeiinoprsssstv,pressosensitive
aacceghiilloprx,lexicographical
cdeeeginnorstuu,secundogeniture
adeginnnosssttu,outstandingness
acceeinnoorrsst,reconsecrations
deehiinoopssttz,photosensitized
abiinorsstttuuy,substitutionary
aaacggiilnnottu,anticoagulating
aadegiimnorrtvz,overdramatizing
aaaccdilmmnooot,accommodational
cceeiiinnnossst,inconsistencies
aeegghiinnrrstt,restraightening
cceegiiinnnnnov,inconveniencing
aabeghiiooprstu,autobiographies
deiiillmnnosstu,disillusionment
abcelllnnnooort,noncontrollable
ceeeefinnnnorrt,noninterference
aeiimnnnorstttu,instrumentation
aabehiiilnorstt,rehabilitations
aacehillmoprsty,atmospherically
ehiiinopssttvyy,hyposensitivity
aeehiimmnoprstu,immunotherapies
aceghiimnoorttz,tracheotomizing
aahiiilnoopsttz,hospitalization
acddiiiiilnstuv,individualistic
adeeiiinnossttz,desensitization
ceeimnnopssstuv,consumptiveness
aacghilnnopsyyz,psychoanalyzing
adeeghiilnnrsty,dishearteningly
aacllrrrstttuuu,ultrastructural
aabceeeghilnnrt,interchangeable
aaacceilmmnnoor,melanocarcinoma
achilllmooppryy,polymorphically
aadeiiiilmssstv,disassimilative
abccefiillpssuy,subspecifically
aacegghiloooprz,zoogeographical
accceiloopprsst,spectroscopical
eeeiilnorsstvvy,oversensitively
adehhiimmoprrst,hermaphroditism
aceeilllnnnottu,nonintellectual
adeeiimnnorsttu,underestimation
ceeiiinoprssstx,expressionistic
acceeiinnoorsss,concessionaires
achillooopprtty,phototropically
ceeehinnnoosssv,noncohesiveness
egiiilnnoortuvz,revolutionizing
abdeghiiilnssst,disestablishing
bdeeeilmmnosstw,disembowelments
aeeimnnoopprrtt,reapportionment
eehiinooprssttz,photosensitizer
ccdeiiimnoorsst,microdissection
ddeghiiinnsstuu,undistinguished
cceeiinnnnoortt,interconnection
addeiiiiilnstuv,individualities
aacceiilllmsssy,semiclassically
aaeegiilmnrssst,magisterialness
aeeiklnnnoppsss,plainspokenness
aceiilnnnoottvy,conventionality
cdeeeinnnprstuy,superintendency
bbceilmnnoosstu,noncombustibles
cdeiiijnnosssuu,injudiciousness
ceiilnnopssstuu,punctiliousness
cceinnoorrssttu,reconstructions
efilmnrssssttuu,mistrustfulness
cdeegiilnnooors,endocrinologies
acdeggiimnnootz,gonadectomizing
aadffiiiilnosst,disaffiliations
abceilloprssttu,streptobacillus
aaghlnooprrstuy,ultrasonography
aceehiimoprsstu,musicotherapies
addeeehiknnrsst,kindheartedness
aacciiilnorrtuz,circularization
acceghilllnooty,technologically
abdeiiimnrstuuz,subminiaturized
ceeeflnorrsssuu,resourcefulness
aacceiiilpprstt,precapitalistic
aacgillnnorrtuu,nonagricultural
aceeklllmosstuu,musculoskeletal
aeiilmnnrsstttu,instrumentalist
eeiinnnooprrttv,prointervention
acegillnnoorssy,congressionally
aaiiilmnooprstv,improvisational
deeeeeflnnsssss,defenselessness
acdegiilnnoorst,reconsolidating
cceillnnnoosuvy,nonconclusively
abcgiillnoootty,gnotobiotically
aceeimooprssttt,prostatectomies
abcceiiillnorty,reconcilability
aefiilnooprssst,professionalist
bdffiiilmnnoruu,infundibuliform
aeeghhlorssstuu,slaughterhouses
aacghillopprtyy,typographically
aeeggiiinnrsttv,reinvestigating
acdeegimnorsstu,discouragements
aaccfiiinnosstt,sanctifications
aabcegiinrrtuuz,bureaucratizing
abcdeiiillnnpsu,undisciplinable
acceiimmnnotuuv,uncommunicative
aceiimnnoorsssu,acrimoniousness
abbeiiiilmoprst,improbabilities
aaccdeillopsssu,pseudoclassical
acginoooprrsstt,prognosticators
aacchiillprstyy,psychiatrically
aceeemnnnnoprtu,preannouncement
acgiillllosstyy,syllogistically
chiinoprrsssttu,instructorships
adeeeeimnnrsstt,determinateness
ceehiimnossssuv,mischievousness
abcciiilmmnotuy,communicability
aabcgiillooorst,astrobiological
aaaccdeehirrstt,tetrasaccharide
aiilllmnopssuuy,pusillanimously
aabcceelorrrsuv,cerebrovascular
ceeiimnorrrsstu,resurrectionism
cdeghiinnnorsyz,desynchronizing
acdehiinopssttu,unsophisticated
aceghilllnoopry,phrenologically
acdeeiillprtuvy,reduplicatively
cehiimmmnorstuy,immunochemistry
aabccehhilmprsy,brachycephalism
aceeeghinnoprtt,parthenogenetic
ceeinnnoosssttu,contentiousness
aacgiillrrsttuu,agriculturalist
ehiiooppprrrsst,proprietorships
aabeeeilnprrrss,irreparableness
acdehiilopsstty,sophisticatedly
eeeilmnnoosssst,emotionlessness
acdiiinnnoorstt,indoctrinations
accegiilmnnortu,counterclaiming
acgiiilnnpqttuu,quintuplicating
ceeehimorrsstty,stereochemistry
aacdeimnnoorstt,decontaminators
aeeeiimnnoprttx,experimentation
aafimnnoorrsstt,transformations
deefinooorrsssu,odoriferousness
aceiiiilnoprtvz,precivilization
aceillmmnrstuyy,unsymmetrically
aeeglmnnnnoortv,nongovernmental
aacfiilllmorsty,formalistically
aadeeilmmnprstt,departmentalism
aghhillmooopstt,ophthalmologist
eeegghinnnrrstt,restrengthening
ceegiinnnnorstt,nonintersecting
aeeghhloopprtty,telephotography
cgilnnnooostuuy,noncontiguously
accdiilnoorrtty,contradictorily
abeiiillnnrtuvy,invulnerability
acehilopsstuxyy,psychosexuality
cdeehiimoorttyz,thyroidectomize
aegiiiilmnosttz,legitimizations
aaegiiilmnntuvy,unimaginatively
aeeimnnoprssttu,importunateness
abdeeeiiilmrrty,irredeemability
aaccdeeknortttu,counterattacked
aadegiiilnnnotz,denationalizing
beeeiilmnprssss,permissibleness
aaegiilnnrrsttt,transliterating
efgiiilmnoprsvy,oversimplifying
aaaccghillmoopr,pharmacological
adeiimnnoppsstt,disappointments
eiiimnoopprsstu,superimposition
acegilmnnooorst,conglomerations
eeiiiiinnsssttv,insensitivities
cceinnooprrsttu,preconstruction
aabccdeelnnortu,counterbalanced
bhiiiinooprsstt,prohibitionists
aaccdhiimoossst,sadomasochistic
aeeelnoorsssuvz,overzealousness
eeehlmnnoosssuw,unwholesomeness
aeefiimnoprrsst,afterimpression
adegillnnoqrtuy,grandiloquently
aabcceiiilllstu,calculabilities
beeeilnnoprssss,responsibleness
aegiilnoorrrtty,interrogatorily
addegilnnnrstuy,understandingly
aceeillmmnoprty,complementarily
abhiiiinnooprtt,antiprohibition
cceinnnoorsttuv,nonconstructive
aaabehiilnopttz,alphabetization
aceefgilnrrttuu,ultracentrifuge
accilmooprrstuy,ultramicroscopy
abeelnnnoossstu,nonabsoluteness
aabcehiilmnrtty,merchantability
abceeflmnoorsst,comfortableness
aacegiinoorsttz,categorizations
aaiiillnnoprsty,inspirationally
aaciillnoprttuy,unpatriotically
eeegilorrrsstvy,retrogressively
aabeehiilmpsstz,misalphabetizes
acegiinnooprrrt,reincorporating
aiilnooopprrtty,proportionality
eeeghmnnooosssu,homogeneousness
ceeprrrsssttuuu,superstructures
aaaiiilmnorsttt,totalitarianism
aaceiilllnrstuy,unrealistically
egiikllmnoorsst,kremlinologists
bcinnnooorrttuy,noncontributory
adeeiiilorrrttz,territorialized
aaiiilmnnnoosst,nonassimilation
abciiiilmnoptty,incompatibility
aacdiiillmnotuy,unidiomatically
aaceiilnoppprst,preapplications
eeeffiinnnosssv,inoffensiveness
aaeefgimnnrrsst,fragmentariness
aaeiimnosstttyz,systematization
abcdiiiilrsttty,distractibility
eeiiinnnorstttv,interventionist
aceiinnorrrstuy,insurrectionary
adeeeiilmnnrtty,indeterminately
aeeeinnoprrsstt,representations
aaccghhimooprrt,chromatographic
eeeghiiimnnoost,inhomogeneities
aacfgiiilnnortz,fractionalizing
aadeeghiloprrty,"radiotelegraphy,teleradiography"
beghilnooorsttu,troubleshooting
aceiilmnnnoostv,conventionalism
aaaaghimnoprsst,phantasmagorias
acghhloooppstyy,psychopathology
eehhinoopssttyz,photosynthesize
ceegiilmnnopstz,splenectomizing
abceelnnnoopruu,unpronounceable
abeehilmnorsstw,blameworthiness
aceehillmnnopst,plainclothesmen
aaccehillmnnnoy,nonmechanically
aaadegnnnoostuv,nonadvantageous
aaceehillprttuy,therapeutically
aacehiinnostttu,authentications
ceeeiilooprsttv,electropositive
abeeeikmnnorstu,mountebankeries
aeeiilmnoosstux,monosexualities
aceiimnooprttuz,computerization
ceeiillmnoosstt,tonsillectomies
acdegimmmooprrr,microprogrammed
cceeiilnorrsttu,interlocutrices
aabefiilnrrstty,transferability
aaefiilnqrrsttu,quarterfinalist
acgiiilllnnstty,scintillatingly
eegilnopprssssy,prepossessingly
accceiilnopsttu,conceptualistic
abeeiiillnrstuv,vulnerabilities
aaacgillmmnrtuy,ungrammatically
aeeggiinnorrrtt,reinterrogating
aaeeiilnnorttxz,externalization
aabdiinoopprsst,disapprobations
aceegillnnootty,ontogenetically
aaeeeilnnrssttv,alternativeness
aaaccilllopptyy,apocalyptically
beiilmnnosssuvy,nonsubmissively
accegiiilmmnorz,commercializing
aeeiilmnnsssttt,sentimentalists
aceefiilnprsssu,superficialness
cceiilnnoosstuy,conscientiously
cdeeeeinnnprstu,superintendence
acdeehiilnooprt,radiotelephonic
aeeilmnnoppsttu,supplementation
abclllnnnooorty,noncontrollably
acdeeeilnnnssst,clandestineness
aacehillmnnopst,plainclothesman
aceeemnorrsstuu,countermeasures
ahhiilnopprsstt,philanthropists
eeefhiilnosssuw,housewifeliness
aacceillnoprstu,precalculations
aacdeeiiloprtvz,overcapitalized
aaceegiilmnnost,miscegenational
cceeefiinnoorst,confectioneries
cdeeeiopprrrtuv,prereproductive
aaaddiinnorsttz,standardization
accehinnooprrtt,anthropocentric
eegiinoprsssstu,prestigiousness
abeeiiiiilnsttv,inevitabilities
aeilnooopprrtty,proportionately
abbceeijlnnootu,unobjectionable
aagiimnnorrsstt,transmigrations
abeeinnssssttuv,substantiveness
aabcchilooprstu,claustrophobiac
acgiinnoooprstt,prognostication
ceefinnoprrsstu,perfunctoriness
abdiiinnnoorstu,insubordination
adeeehipprrsttw,weatherstripped
eeeeiinnnpsssvx,inexpensiveness
aaceimnnoopsstu,uncompassionate
acegiillnrrstyz,recrystallizing
ddeeghiilmnnsst,lightmindedness
aaeggiillnttuvy,agglutinatively
ceeeiloprrsttvy,retrospectively
aaeiilnoppprrty,inappropriately
eeiilnnorssttvy,overinsistently
aaafiiiilmnortz,familiarization
aeeeimnnnorrtuv,nonremunerative
accghillloopsyy,psychologically
aeegiiinnorsttv,reinvestigation
acghilllmooopry,morphologically
aadeilmnnoorstt,demonstrational
abciilllnoortty,controllability
acceiiilnnoorst,reconciliations
ceeefinnorssttu,counterfeitness
ailnnnoooopprrt,nonproportional
aceimmnnoorsstu,commensurations
abeeghiilnprsst,preestablishing
aeegiinorrssttt,gastroenteritis
bcddgilllnooruy,bloodcurdlingly
aceeiilnnnootvz,conventionalize
adegiiinnorsstt,disintegrations
ceeeinpqrssstuu,picturesqueness
aaefiiilmorrtvy,overfamiliarity
aacdiilllmnopry,palindromically
acdefiiiinorstv,diversification
aceehiinppprsst,apprenticeships
cceimoooprrrsss,microprocessors
bdeiiiilmqrssuu,disequilibriums
aadeilopprsssuy,pseudoparalysis
aaccdgimmnnootu,unaccommodating
aacehhillmoopty,homeopathically
aaegiinnooprrtz,preorganization
acceeilnoorrsst,electronarcosis
ceeeehlooprrsst,electrophoreses
adeeeiilmnnsttz,sentimentalized
aaaceegilnorttv,lactovegetarian
aadfghiorrrsttw,straightforward
aacdgiilnpqrtuu,quadruplicating
aaccehiillmnsty,mechanistically
aacdeiimnoorttz,democratization
aaeeiimnnoprstx,preexaminations
aaciillnorsttyz,crystallization
cdeefillprsstuy,disrespectfully
aabdeehiilmpstz,misalphabetized
aabeeiilmnrtuvy,maneuverability
abeeeffilnorsst,forfeitableness
acceeilnorttuvy,counteractively
beeiiiilnossstt,ostensibilities
aeiimnoprsstttu,permutationists
aaacchiilnnorst,anachronistical
aaceilmnoopssty,compassionately
aaeiimoppprrsst,misappropriates
acefiimnnoorrst,reconfirmations
aafiillnorrtttu,ultrafiltration
aceeilnnoqssuuv,unequivocalness
acegiilmnoorrtt,trigonometrical
addeeeehlnrrtty,tenderheartedly
aaccdegimmnoort,reaccommodating
abgiilooorssstt,astrobiologists
acehiilllooprty,heliotropically
accegiilnnoptuz,conceptualizing
eeeeghlnoorstuy,heterogeneously
ddeeefiiiorrsvv,overdiversified
bceiimmnoorsssu,subcommissioner
aehhiiopprsstty,physiotherapist
aceeilllmnossuy,miscellaneously
cdeeghimnnnopru,uncomprehending
aeeeghinnoprsst,parthenogenesis
cciimnnoorssttu,"constructionism,misconstruction"
aabciinorsssttt,abstractionists
aiiiillnoqrstuy,inquisitorially
cegilnnooprtttu,counterplotting
aaaddeginosstuv,disadvantageous
acgiiinnnnoottx,nonintoxicating
acceehiloorrstt,atherosclerotic
aceiillmmnoprty,complimentarily
aaabciiilnnnotz,cannibalization
acelllmmnoooruy,monomolecularly
ccdenooprrsstuu,superconductors
ccceiiinoorstty,sociocentricity
cceeginnoooprst,roentgenoscopic
abdeiiilmnoostz,demobilizations
aaeiillnnorsstt,reinstallations
aacillmoopsttyy,somatotypically
adeeimnnorsttuv,undemonstrative
acfiiijnnosttuu,unjustification
aadeegiimnnottz,demagnetization
acefiillnnnnoot,noninflectional
aaeeffiimnrsstv,affirmativeness
abeeiillmnpsssu,implausibleness
eeemnopssssttuu,tempestuousness
aeehhhillnnoppt,phenolphthalein
aeeiilnnopprtty,plenipotentiary
aaeiilnnooprstz,personalization
adeeegiknnprrrt,prekindergarten
bdehiiloorssttt,bloodthirstiest
aaegimmnnnosssu,magnanimousness
aabeeflnnnorrst,nontransferable
abceeeiiilrsstt,resectabilities
beiiiiilmopssst,impossibilities
acciilnnnooorty,nonconciliatory
acceillnnooprry,nonreciprocally
acdefiiimnnorty,indemnificatory
aaeghhnooopprst,organophosphate
aaaaccdiiklllsy,lackadaisically
aaddeeehhnrrsst,hardheartedness
aceehilmnorsstt,chemosterilants
ceiiiinosssttvv,vivisectionists
aaeiinooppprrrt,reappropriation
acghhimooopprrt,"microphotograph,photomicrograph"
ccddeegilnnnosy,condescendingly
acefiiiinnnostt,intensification
aaclnnnooopsstt,postconsonantal
aeeghhloopprstt,telephotographs
aeeiloopprsttvy,postoperatively
adeeghiimnnpprs,misapprehending
abcgiiimnnrrsst,mistranscribing
aeennnoopsssstu,spontaneousness
abcegiiloorsstt,bacteriologists
aaeeellmmnprtty,temperamentally
aaacgiillooprst,parasitological
accegiimmnnotux,excommunicating
abcceeilnnoorst,concelebrations
aeegiinoprrrstt,preregistration
aciilmmnooopsst,cosmopolitanism
eegiilllnnnttuy,unintelligently
aacellmmnoprtty,compartmentally
adeeeghinnrssst,nearsightedness
acdegiiiilmnnrz,decriminalizing
ceeegiiillmnnst,misintelligence
aceeehloorrssst,atheroscleroses
acdeeegklmnnotw,acknowledgement
aabeilnnssssttu,substantialness
acdiiiinnoosttx,disintoxication
aaccdeillnootuy,coeducationally
aceehiiiprsttvy,hyperactivities
acegiillnrsstyy,synergistically
aceiinnoorssttv,conservationist
abdiiiiilmnssty,inadmissibility
eeelnopprsssssu,purposelessness
deeehiinprsstyz,hypersensitized
acdefiiiinnostt,identifications
aacciillmnosstu,miscalculations
aacgiiilnprrtuz,particularizing
cdeeeehlooprrst,electrophoresed
bceeghiilnooost,biotechnologies
aceeeffilnnsstu,ineffectualness
aacddeeeehlnrss,clearheadedness
eeiiiinnqssstuv,inquisitiveness
aabefgiiiilsttu,fatiguabilities
adeefimnnoorrst,foreordainments
abbcdeilmoosstu,discombobulates
aabdeelmnprsttu,subdepartmental
beeiiiilrrrstvy,irreversibility
aadeiilnopsssty,dispassionately
acchhilmoooppst,ophthalmoscopic
aaceiimnnnoortt,recontamination
bcgiiilmooorsst,microbiologists
aabeefhilnnosss,fashionableness
achhiilllooppsy,philosophically
acegiiinnnosstu,consanguinities
aaeellnprrrttuy,preternaturally
adeeiiimnnnortt,indetermination
deeeiinopssstux,expeditiousness
aaachiilllnnotu,hallucinational
abdeiiilprsttuy,disreputability
aeeillnnoprrsty,interpersonally
cceehiiilnortty,heliocentricity
acehhiopprsstty,psychotherapist
aaegiiilnnosttv,investigational
ceeiilnoprsttvy,introspectively
aacchiillmossty,masochistically
addeeeghnnorssw,wrongheadedness
aabeeiiilmsstux,ambisexualities
dehhiimoprrstyy,hyperthyroidism
aeeghiimnoprsvz,overemphasizing
cehhinopsssstyy,psychosynthesis
egiilnnnoqstuuy,unquestioningly
cdeiiiinnossttu,discontinuities
accfiiilnnosttu,functionalistic
abcdeeiiiilrstt,creditabilities
cceeehilooprrtt,electrophoretic
aeeiinnoprrsttt,interpretations
bceeeilnpsssstu,susceptibleness
acdeegiiillmoop,epidemiological
aaacefilnnssstt,fantasticalness
abceeeeilnrsssv,serviceableness
aabdeeilnnossuv,unavoidableness
aaccegiimnrstuv,circumnavigates
bcceiiimoooprss,biomicroscopies
cceeehhnoopprss,phosphorescence
accehiilnorsstt,interscholastic
aeeeiilmnnssttz,sentimentalizes
eeghinnorssstuu,unrighteousness
eeiiimnnnorsttv,interventionism
acceimmnoorstux,excommunicators
abdeiiilmnoprty,imponderability
aacdiiiilnnprss,disciplinarians
cdhiilnoprstuuu,pulchritudinous
beeegillnnnorst,nonbelligerents
aaegiilnnoorrtt,interrogational
aeefiilnooprssz,professionalize
ceehiklnnoprtuy,phenylketonuric
aacdeehinntttuu,unauthenticated
aceeeiilllnttuz,intellectualize
aaceeghhlnoppry,encephalography
acdeeiilnnorsty,inconsiderately
aabeeinnnorsssv,nonabrasiveness
aaccdegiimnrtuv,circumnavigated
aceeinooprsstvv,provocativeness
aaiilnoopprstuz,popularizations
aacceiimnrstttu,circumstantiate
achiinnnoorstyz,synchronization
eghilnoooprsuyy,neurophysiology
aabillnnssttuuy,unsubstantially
aaeegiilnnorstz,generalizations
aaceiiillmrssty,semisatirically
aabciinoorssttu,bioastronautics
adeegimnnorrstt,redemonstrating
achiioprsssstty,astrophysicists
aadehlorssttuwy,southeastwardly
aabdiiiilmnssty,inadmissability
aefiilnorsssttu,flirtatiousness
aacceillmnopstu,nucleoplasmatic
adeiiiiilmrssst,dissimilarities
accceehilmoprst,spectrochemical
aabcceilmmrstuu,circumambulates
begiiiiilllntty,intelligibility
acceeillnoorttu,electrocutional
ccdeennorrsttuu,unreconstructed
aachillopprstyy,saprophytically
acdeeimmnnoorst,recommendations
aacdiilnopqrtuu,quadruplication
aaabceeilnnrstu,unascertainable
acceeinnnoorrtt,reconcentration
addgiiiiilnnuvz,individualizing
aceiillnnooosst,neocolonialists
cegiiimmnnoorss,recommissioning
aeegghnnooprrty,roentgenography
aaaeeginnprsstu,septuagenarians
ddeeeiilnrsstty,disinterestedly
abbcddeilmoostu,discombobulated
aegghhimopprssy,sphygmographies
aceeiilnnnoqstu,inconsequential
bcdeeiiiiilnrst,incredibilities
aaceiiilnopsstz,specializations
aacccdefiiilnot,decalcification
abceiiiilpprtty,precipitability
abddeeeiiilnpst,dependabilities
aceeiilllnstttu,intellectualist
accilmorrrsttuu,microstructural
eeilnnoopssssvy,nonpossessively
aceeegiillnortt,intercollegiate
beeeehillmorssv,overembellishes
cceelnorrsttuuu,countercultures
cdegiiimmnnooss,decommissioning
aacccehiirrsstt,characteristics
bdhiiioprrssttu,distributorship
aacinooprrrsstt,procrastinators
acceefiiilnortt,electrification
eeghiloorrstuvy,overrighteously
aaailnnnoprsttt,transplantation
cdeeiiinnsssttv,distinctiveness
eegiilnnnrsttuy,uninterestingly
aabdeeilnnorttx,nonextraditable
ceeeeffiinnsstv,ineffectiveness
aaccdgilmmnooty,accommodatingly
aacghilloopprty,topographically
aaeeeilmnnptttu,antepenultimate
adeiijlnprrstuu,jurisprudential
eiiloprrssttuuy,surreptitiously
bcceeeiilmnnosu,bioluminescence
aacdgiiilnrsttu,disarticulating
aaabegiiilmrrty,marriageability
aceiiillmpsssty,pessimistically
abceeeilnorrssv,irrevocableness
aaadiiilnnrsttu,latitudinarians
eeeinnoprsssttu,pretentiousness
adeeemnnrsstttu,understatements
cceeegiiinorstt,egocentricities
abcdeiilmoopsty,decomposability
cddeeeeinnnprty,interdependency
aciiillmnopsttu,multiplications
cceiilllnoorstu,nitrocellulosic
aceeiiinqssstuv,acquisitiveness
cceioopprsssstt,spectroscopists
acghiillloopsyy,physiologically
abcciiilnorttty,contractibility
aeiimnnorrsssst,retransmissions
aaddeiiilnorttz,traditionalized
aaaeefiilmprsst,paterfamiliases
acceeginnnorrtt,reconcentrating
aaccehillrrttuy,architecturally
ceeeiimooprttvv,overcompetitive
abbehiiiloprstt,bibliotherapist
aabeiiillnorstz,liberalizations
aadehlnorrsttwy,northeastwardly
aacghilmooprsst,pharmacologists
cddeeeeeinnnprt,interdependence
aaaaeiilmnnprrt,parliamentarian
aeeehilorsttuxy,heterosexuality
eeeggilnnooorst,roentgenologies
aeeiilmnooprttz,metropolitanize
aacdeghillmopry,demographically
abeiillmnoptuyy,unemployability
abceeeillnoprrs,spinocerebellar
aacdeeiilnprtuz,undercapitalize
adghiinnnostttw,notwithstanding
acemnnnoooprrty,noncontemporary
aaeeilmnnoprstt,malpresentation
cceeeinnossstuv,consecutiveness
abeiilmoorstuvy,overambitiously
adeeeehnnoprsst,openheartedness
acceghillnopsyy,psychogenically
ceeehilmnoprsvy,comprehensively
aaccehiklnoosvz,czechoslovakian
accghilllnooory,chronologically
aeeeiilmnprsttx,experimentalist
aceeiilmmorstvy,commiseratively
abdeiilnoorstwz,bowdlerizations
aceehiikllnstty,kinesthetically
bdegiiiiilnstty,indigestibility
aaennorrssstuuy,tyrannosauruses
agiiinnorrssttz,transistorizing
abeeiiilmnprtty,impenetrability
eeeginoprrssssv,progressiveness
accdeiinnnosstu,discontinuances
aaaeilnoqrrsttu,transequatorial
aceeeiqrrsssttu,sequestratrices
aaceeghilllprty,telegraphically
acceiiimmnnotuv,incommunicative
aacghlloprrstyy,crystallography
abccgiiillmooor,microbiological
abeiiilnoqsttuy,questionability
aaabdiinorssttz,bastardizations
abdeeeiiimrsttx,ambidexterities
acefgiinnoorrtu,reconfiguration
adeeeilmnnrsstt,detrimentalness
aaacciillmnorty,microanalytical
aeeeeghnnoprsst,parthenogeneses
bceeilnoprrsstu,corruptibleness
ceimnooprssssuu,promiscuousness
aciilnnoosstttu,constitutionals
accehilmmnopsst,accomplishments
acddeiinooprrst,disincorporated
aacehilloopstty,osteopathically
cdegilnnooprrsy,correspondingly
aaabdhimoprssss,ambassadorships
aeiilmnoorsttuv,overstimulation
aaceeegillmntty,metagenetically
aadiiiilmnossst,disassimilation
aaeiiiilnorrstt,irrationalities
acdeeimnnnooprt,precondemnation
deeefiiiorrssvv,overdiversifies
eeeemnnorssstuv,venturesomeness
aaaciiilnopsttz,capitalizations
acgiilllmmnoouy,immunologically
acdeegklmnnostw,acknowledgments
eeghhlnossssttu,thoughtlessness
abeeehilmnrsstt,reestablishment
acdeiilnnooorst,reconsolidation
aceemnnoooprstu,contemporaneous
aeeeeimnnprsstt,intemperateness
aadgiiinnoorstz,disorganization
abceeilmmnnorsu,incommensurable
aadeeinnprssstt,antidepressants
ceeehilooprrsst,electrophoresis
adeeegilmnnnstt,disentanglement
deeilnnprrttuuy,uninterruptedly
accdeefiiinortt,decertification
aacdeiiiiorsttv,radioactivities
afggiimnnorrsty,transmogrifying
aghilmmnoooptuy,immunopathology
aefiiiillmnnsty,infinitesimally
aacceghiimnoprt,cinematographic
beeinnorssstuuv,unobtrusiveness
ccciiimnoprrstu,circumscription
bcgiinnnnoorttu,noncontributing
aaeiilnnosssstt,sensationalists
acdefiilnnnnoot,nonconfidential
aghilnoooprsstt,anthropologists
aabeeeilnnprsss,inseparableness
aaaceiiimnnortz,americanization
aaiiiimnnorttuz,miniaturization
cdeeehimorsttyz,hysterectomized
acdeggiklnnnouw,unacknowledging
acdeeeiilmorrtt,radiotelemetric
accdeeilmnorsty,electrodynamics
deeeeilnorssstu,deleteriousness
cdeeimnnnossttt,discontentments
acdiiiilnnnosst,disinclinations
aefiilmnooprsss,professionalism
aaaeegnnrssttvx,extravagantness
eeehnorrsssttuw,southwesterners
aadehiioprrsstt,radiotherapists
aacegillllmrtuy,metallurgically
acehinoprrstuyy,neuropsychiatry
abeelnorrsstuuy,subterraneously
aabcceelnnosstu,accountableness
acefiiilnnosttu,functionalities
aceehiloorrssst,atherosclerosis
ceeeimnnoorsssu,ceremoniousness
aceehilllorsttv,charlottesville
aadeeggimnnrstz,aggrandizements
aeegiinoorrrstt,interrogatories
aaccdhhilnoopry,hypochondriacal
aaabegiillnosuv,bougainvillaeas
acdhhiinooprssy,hypochondriasis
cceeffiiiinnssu,insufficiencies
abceeeilnnoptux,unexceptionable
aaeeehhimmmnptt,methamphetamine
aacghillloppryy,polygraphically
aadgiiiilmnssst,disassimilating
acceilmooprrstu,ultramicroscope
eiikllmnprssttu,rumpelstiltskin
acehinooprrsstv,conservatorship
eghiiinnopsstyz,hyposensitizing
acccehhiilmopsy,physicochemical
aeeeeinprrssttv,representatives
aaehiimnnoorrtz,reharmonization
eeegiimnnprrsst,misrepresenting
addeeehimnprsuz,underemphasized
aaccdeiinnorstt,contraindicates
acegilllmnoooty,entomologically
aacehillmpsttyy,sympathetically
aceeeiinpprsstt,precipitateness
abdeiilnnorstuy,insubordinately
acdeehiiinnrsst,disinheritances
acehhinopprsttu,pithecanthropus
aabcfiiillnosty,syllabification
aaccehhilmnoopt,photomechanical
ddeeeehinopprsu,pseudoephedrine
aabccdeilmmrtuu,circumambulated
ccdegiilnnorsty,disconcertingly
accdeeilmnopsst,complicatedness
aaabddeenrrrsst,standardbearers
ceiinopprrssstu,superscriptions
aceeilmnnrssttu,semitranslucent
acegiiiinnpsttz,antisepticizing
aceeeiiloprssvz,overspecializes
aadeiiilmnorstt,semitraditional
aegginoosssttuu,autosuggestions
aacdeiillmorrty,radiometrically
acciillmmnostuy,communistically
aacdilmnooprruy,cardiopulmonary
deiinnorsssstuu,industriousness
ceginnnoorsssuu,incongruousness
bciinoorssstttu,obstructionists
aaacehimpprstty,parasympathetic
aabceeeghlnnnox,nonexchangeable
abeeeiilnnqsstu,inequitableness
aeeeegilnorrsvz,overgeneralizes
acdeeillnpprruy,perpendicularly
aceehhiopprssty,psychotherapies
acfiiiilmnopsst,simplifications
aceehhimoprsstt,chemotherapists
aabdeiikmnorsst,disembarkations
aeehinpppprrssw,whippersnappers
ccdeeennooprrss,correspondences
aabcceehhilprsy,brachycephalies
aceillnoorrstvy,controversially
cceegiinnnnortt,interconnecting
deeeinnnprssttu,superintendents
bdiiinnnoorsttu,nondistribution
ciiimnnorsssttu,misinstructions
aadeeeilmnprttz,departmentalize
aaccddefiiiinot,deacidification
aacceeinnnorsss,reconnaissances
aadeefiilnorstz,federalizations
aacfiiinorssttt,stratifications
aiiillnnostttuy,institutionally
cceiilmnoosssuy,semiconsciously
abceilooorrrtvy,corroboratively
acdeefhiinnrsss,disenfranchises
eeflnoprssssuuu,superfluousness
aceehimmnorsssv,servomechanisms
aaddeeiilmmnrst,maladministered
addeeeeehllnssv,levelheadedness
aceghiillooprss,oscillographies
aacdeehiioprrst,cardiotherapies
abciiiilnostuvz,subcivilization
aegghinnooprstv,photoengravings
accehhillnoprss,chancellorships
ceeeiinrrsssttv,restrictiveness
aaeegiiimnortvv,overimaginative
aeeggiinorssstt,segregationists
aeinnooopprrttu,unproportionate
bceeghiimoorsty,biogeochemistry
aadeeilmnorsttt,tatterdemalions
ceeehimorssttyz,hysterectomizes
aceekllmorsstuu,skeletomuscular
cdeiimmnnnoooss,noncommissioned
abceeeeilmprsst,semirespectable
aaaccehilmprstu,pharmaceuticals
cdeeeiinprssstv,descriptiveness
abceiiiilnrttxy,inextricability
acdefiiilnnotty,confidentiality
aadeelmnnnoprtt,nondepartmental
ccelnnnnoorrtuy,nonconcurrently
abdeghiiilnsstu,distinguishable
adeefilnssssttu,distastefulness
bbcegiinorrssuv,oversubscribing
aadefilmnnssttu,fundamentalists
adeeeegilnorrvz,overgeneralized
abceeeilnnsssux,inexcusableness
aeiillnnnnottuy,unintentionally
aacceegilnorsst,categoricalness
cegiinnnooprttu,counterpointing
aaacciiilmnottz,acclimatization
abegiiiiilnnstt,intangibilities
aaeeiiiilmmrstt,immaterialities
aadeeefhhlnrsst,halfheartedness
adiillnopsttuuy,platitudinously
acdefiiiimnnnot,indemnification
ceeilmnnoorsuuy,unceremoniously
aabiinnossstttu,substantiations
eegiiimnnprrstt,misinterpreting
eeeelmnorrsssss,remorselessness
aadeiilnorrrtxy,extraordinarily
ceehhimmorrstty,thermochemistry
ehinorrssstttuw,trustworthiness
abeeiimnprrssty,presbyterianism
aceinnoooprrstv,proconservation
aaaiiilnnnoottz,nationalization
cdeefilnnoortvy,overconfidently
bdeiiinorrssttu,redistributions
acdeeeinoorrstv,overconsiderate
deeefghinorssst,foresightedness
ceeiinnopprrstv,nonprescriptive
aabcelnnnoorstt,noncontrastable
aafilmmnnnoorty,noninflammatory
aeiklmnnoprsstu,unsportsmanlike
aaeegimmnnrrsst,misarrangements
aeeeeilnnprrrtu,entrepreneurial
aadeelopprsssuy,pseudoparalyses
ceeinopprssssuu,perspicuousness
acceeilllnnorty,nonelectrically
adeeelllmnoptvy,developmentally
aadeegimnnrrsst,disarrangements
aegillnooopsstt,paleontologists
aaciiilmnnostuz,masculinization
adeeemnnrsssstu,underassessment
accinooorrssttv,vasoconstrictor
aaaciiilnpssttt,anticapitalists
aacdeiilnorsstt,dictatorialness
aaciilmmnnootuz,communalization
cdegiiinnnooprt,preconditioning
bbbbeefgiiilrtt,flibbertigibbet
accdeeinnnosstu,discountenances
aeefiimnnorsstv,informativeness
addeeeglnoprsuy,pseudolegendary
aeeeilnortttvvy,overattentively
acceiimmnnootux,excommunication
aadiiimnnorsstt,administrations
eehiinoopsssttz,photosensitizes
acehhlmoooppsst,ophthalmoscopes
accceeehillmort,electrochemical
aeeeilnprssstuv,superlativeness
cdeenrrrssttuuu,understructures
acdeeiinnoorrst,reconsideration
abeiiimnrsstuuz,subminiaturizes
aceeeinnnrssssu,unnecessariness
cdiilnnoosstuuy,discontinuously
aacccillmooprsy,macroscopically
deeeelmnooprtvv,overdevelopment
eeiinnnnnoorttv,nonintervention
aeeeiinnnsstttv,inattentiveness
aaaiilnnorsttuz,naturalizations
aaceeiiloprstvz,overcapitalizes
aaacehilmmnnott,nonmathematical
aaceiilmnoprrtt,malpractitioner
aeeiilnoorrstuv,revolutionaries
aaceegiinnprrst,preascertaining
aeeiiilnssstttx,existentialists
aaeinoprrssttuu,supersaturation
bcceeilnorrsttu,reconstructible
cddeinnooprrtuu,underproduction
acefinrrrssttuu,infrastructures
accehiillprrtyy,hypercritically
aabdelnnprstuuy,superabundantly
aabdeinnsstttuu,unsubstantiated
adiilnooopprrst,disproportional
ceehillnoorrsxy,hexylresorcinol
aeeeilorrsstvvy,overassertively
addeeghinnoorty,dehydrogenation
aadelnoprsttuuy,polyunsaturated
aacgilnnoorsttu,congratulations
aabcdeeegkllnow,acknowledgeable
aciiilnnooosttz,colonizationist
aeeiilmmnnopstt,implementations
acgiilllnnortuy,nonliturgically
aceilnnooprsttu,preconsultation
ceeilnnooprttvy,nonprotectively
aceeilmmmoortvy,commemoratively
aabbcghiiillopr,bibliographical
accdeehilllpsyy,psychedelically
acdiiiimnnorsst,discriminations
aaabiiiilmnntty,maintainability
cceinnoopssssuu,conspicuousness
cdeehiimoorstty,thyroidectomies
adeeefhnorssstt,softheartedness
aadiiilnorssttt,traditionalists
ccceeiilmnoorrt,microelectronic
eeeinnnossssttu,sententiousness
deeeinnnosssttu,tendentiousness
acdeeimnnoopsst,decompensations
aceilnnnnnoootv,nonconventional
abceeilnnoptuxy,unexceptionably
eeginnopprssssu,unprepossessing
ahijlmnoooprstu,photojournalism
aeegiilnorrttvy,interrogatively
abbeehiiiloprst,bibliotherapies
eeiilnnoorrtttu,trinitrotoluene
addeegghinnorty,dehydrogenating
ccefilnnoosssuu,unselfconscious
ahijlnoooprsttu,photojournalist
aceeiillmnrssty,semicrystalline
ddeeegiilnprruv,underprivileged
aaaeghimnoprsst,phantasmagories
aaeegilmnrttuvy,argumentatively
aaehiilortttuvy,authoritatively
abghhiioopprsyy,biophysiography
eeeeilprrstttwy,teletypewriters
ceimnoprsssstuu,scrumptiousness
aaeiilnnorrsttt,transliteration
aeghhiiooprrrst,historiographer
acdiillnnnootuy,unconditionally
accilmnnoorsttu,malconstruction
deeelmmnnoprtuy,underemployment
aceeillnnoqstuy,consequentially
aeeimorsssssttt,toastmistresses
aceeghimnoprsty,pharyngectomies
eeiiinnrrsttuvy,interuniversity
aacdhhilloprtyy,hydropathically
acggiinnooprstt,prognosticating
abceeilnnrssstu,inscrutableness
aeeiimnoorssttv,overestimations
eiinooppprssstu,presuppositions
aadeeehmnrrsstw,warmheartedness
acddeefhiinnrss,disenfranchised
ddeeeeilmnnpsty,semidependently
aacdiiilnorsttu,disarticulation
aaceiilllprstty,peristaltically
accciillmooprsy,microscopically
aaegiinnoorrstz,reorganizations
ceiiiimnoprssst,impressionistic
aceehiillmpstuy,euphemistically
aeeillmnnnsttuy,unsentimentally
aaaceghllnorrty,laryngotracheal
eeilnnoprsttuuy,unpretentiously
aefilnnnoooprss,nonprofessional
aeiilmnnrstttuy,instrumentality
acceffiiilnosuy,inefficaciously
aaciilnnooottuu,autoinoculation
aacfgiilnnoortu,configurational
aaadeiilnnrstuv,valetudinarians
aaaccdehiiimnps,academicianship
aacegiilllnortz,collateralizing
aabceeeghlllnnu,unchallengeable
acceeehmnooprrt,mechanoreceptor
aeeillmnnnortvy,environmentally
acceeegilmnortt,electromagnetic
cdegiilnnooorst,endocrinologist
bcdeiiilrstttuy,destructibility
aaegiinoppprrrt,reappropriating
acefiiilmnosstu,emulsifications
ceehiimnnnooprs,incomprehension
aaabchiilopprty,approachability
aabciiilmnoprty,incomparability
aaaiiilnnoorttz,rationalization
aaeiinnpprrsstt,antiperspirants
acdiiinnnoosttu,discontinuation
aceefiinnorrstt,confraternities
aefhhlooopprstu,fluorophosphate
aceimnnnooprstu,pronunciamentos
aaeginprrssttuu,supersaturating
acdeghiilnnnsty,disenchantingly
aeehinnorssstuw,unseaworthiness
achhimnooopprrt,anthropomorphic
acdehllooprssuy,pseudoscholarly
adehlnorrsttwwy,northwestwardly
aadeiimoppprrst,misappropriated
adddeeehnnnrssu,underhandedness
aaceiilnoprsttu,recapitulations
cciilnnoopssuuy,inconspicuously
eiiloprsssttuuy,superstitiously
aabeghiooprrstu,autobiographers
aacdegiimnnnott,decontaminating
ceeeiiknnprssst,persnicketiness
aafgiinnorrsttu,transfiguration
abceeeilnoprrst,precelebrations
aeeeinorrsssttv,restorativeness
ceeiinorrrssttu,resurrectionist
aeeillmnpprstuy,supplementarily
aaeeimnnprrsstt,semitransparent
aaacdeillmnoryy,aerodynamically
aabccdhlorstuyy,brachydactylous
aacillmmopsttyy,symptomatically
aceiimnnoorsstv,conservationism
abdefiiiiilntty,identifiability
aaciiilllrsttuy,ritualistically
abbceijlnnootuy,unobjectionably
adeeeiimnnorrtt,redetermination
cdeeeinrsssttuv,destructiveness
aeehiklnnoprtuy,phenylketonuria
aaceeghimnoprrt,cinematographer
acceillmmnnoory,noncommercially
aceeemnooprsstv,overcompensates
aeeegiilmnrrtvy,regerminatively
aaceillnpprstyy,presynaptically
aceeeinooprsstv,cooperativeness
beehlooorrssttu,troubleshooters
aabceeghilnnrty,interchangeably
acdegiiilmnnsuz,demasculinizing
acehiilloprrsty,prehistorically
aaacillnorsttuy,astronautically
aceeefhimnnnrst,enfranchisement
aciillooppprtuy,opticopupillary
aabeeeillnnrsst,inalterableness
aaaiiilnnnosttt,antinationalist
aacghillnoooprt,anthropological
acdeefgilnrsssu,disgracefulness
aeehhiiopprssty,physiotherapies
adeeffgiiinnrtt,differentiating
aceefhlnoprrssu,reproachfulness
aaaccillnorttuu,acculturational
accgiillloootxy,toxicologically
adeegiimnnrsttu,underestimating
acefiiillmnosty,semifictionally
eeiiinorssttvvy,oversensitivity
ceeeiimnopssttv,competitiveness
abcegiiilnortyz,recognizability
aaeeinoppprrsst,appropriateness
abdeelmnnnoorst,nondemonstrable
accdeiilnorttvy,contradictively
eeggilnnooorstt,roentgenologist
aacdfiiinossstt,dissatisfaction
cceginnoprrsttu,preconstructing
aaccdfiiiinnort,rancidification
aaeiilnnorsttuz,neutralizations
aaccehillllmnoy,melancholically
aceefiiinorrstv,reverifications
aaeehiinnostttz,anesthetization
bcgiiiiilnorrty,incorrigibility
eeeiimmoorrssst,stereoisomerism
aeefghinooprrtw,weatherproofing
eegiiilnorrsssu,irreligiousness
eeiimnoorrssstu,meritoriousness
aceeillmnopttvy,contemplatively
acccegiiinnorty,carcinogenicity
aacefgimnnrrtuu,remanufacturing
eehiilmnnqrsstu,relinquishments
eeeiimnnnrstttw,intertwinements
aabgiilmmoprrty,programmability
bdeefiiiilnnsty,indefensibility
aceefiiilmnoptx,exemplification
adeeilmnorsttvy,demonstratively
bcdiiinnosssttu,subdistinctions
defilnrssssttuu,distrustfulness
acdiiilnnnoprsy,nondisciplinary
abdghiiilnsstuy,distinguishably
acdeeemnooprstv,overcompensated
aadddeinnnorstz,nonstandardized
bceeinorsssttuv,obstructiveness
aciilmnnoosstuy,sanctimoniously
aabciiiillnppty,inapplicability
